Unnamed: 0,Job Vacancies ;  New South Wales ;,Job Vacancies ;  Victoria ;,Job Vacancies ;  Queensland ;,Job Vacancies ;  South Australia ;,Job Vacancies ;  Western Australia ;,Job Vacancies ;  Tasmania ;,Job Vacancies ;  Northern Territory ;,Job Vacancies ;  Australian Capital Territory ;,Job Vacancies ;  Australia ;,Job Vacancies ;  Australia ;.1,Job Vacancies ;  Australia ;.2,Standard Error of Job Vacancies ;  New South Wales ;,Standard Error of Job Vacancies ;  Victoria ;,Standard Error of Job Vacancies ;  Queensland ;,Standard Error of Job Vacancies ;  South Australia ;,Standard Error of Job Vacancies ;  Western Australia ;,Standard Error of Job Vacancies ;  Tasmania ;,Standard Error of Job Vacancies ;  Northern Territory ;,Standard Error of Job Vacancies ;  Australian Capital Territory ;,Standard Error of Job Vacancies ;  Australia ;
1979-05-15,,,,,,,,,40.9,43.5,42.9,,,,,,,,,
1979-08-15,,,,,,,,,39.6,41.9,41.5,,,,,,,,,
1979-11-15,,,,,,,,,40.0,38.4,40.0,,,,,,,,,
1980-02-15,,,,,,,,,43.2,40.6,38.6,,,,,,,,,
1980-05-15,,,,,,,,,34.8,36.7,38.0,,,,,,,,,
1980-08-15,,,,,,,,,35.2,37.5,37.4,,,,,,,,,
1980-11-15,,,,,,,,,40.6,38.7,37.7,,,,,,,,,
1981-02-15,,,,,,,,,39.9,37.4,40.0,,,,,,,,,
1981-05-15,,,,,,,,,42.2,44.0,42.5,,,,,,,,,
1981-08-15,,,,,,,,,41.0,44.5,43.8,,,,,,,,,
1981-11-15,,,,,,,,,43.6,41.7,41.8,,,,,,,,,
1982-02-15,,,,,,,,,39.9,37.3,36.4,,,,,,,,,
1982-05-15,,,,,,,,,29.3,30.3,31.2,,,,,,,,,
1982-08-15,,,,,,,,,24.8,26.8,28.4,,,,,,,,,
1982-11-15,,,,,,,,,31.2,30.3,28.6,,,,,,,,,
1983-02-15,,,,,,,,,32.0,29.7,30.3,,,,,,,,,
1983-05-15,,,,,,,,,31.8,32.4,31.7,,,,,,,,,
1983-08-15,,,,,,,,,31.1,33.6,34.3,,,,,,,,,
1983-11-15,13.6,7.6,5.0,2.6,4.3,0.9,0.5,1.4,36.0,36.3,37.6,,,,,,,,,
1984-02-15,24.6,12.4,5.4,4.2,0.0,0.6,0.5,1.4,49.1,44.6,40.9,,,,,,,,,
1984-05-15,18.1,10.9,5.0,2.9,0.4,0.4,0.7,1.7,40.1,40.3,43.5,,,,,,,,,
1984-08-15,21.3,9.5,5.0,3.3,3.5,0.9,0.7,1.3,45.3,48.5,46.5,,,,,,,,,
1984-11-15,17.6,13.8,5.2,2.7,5.0,0.8,0.9,1.5,47.7,49.8,52.3,3.7,2.3,1.0,0.5,1.2,0.1,0.2,0.2,4.7
1985-02-15,23.5,17.8,8.1,4.9,6.8,1.3,1.6,2.7,66.7,60.4,60.2,3.1,2.7,1.9,1.4,2.2,0.2,0.3,0.4,5.2
1985-05-15,27.5,20.7,5.8,4.5,5.1,1.4,1.4,2.9,69.2,68.6,66.0,4.1,3.1,1.0,1.2,1.3,0.2,0.3,0.4,5.5
1985-08-15,18.9,21.5,8.6,4.6,5.7,1.1,0.9,2.2,63.4,67.2,67.9,2.0,2.7,2.0,0.8,2.0,0.2,0.2,0.3,4.5
1985-11-15,20.7,18.5,8.6,5.0,4.8,1.1,1.1,2.5,62.3,66.2,66.9,2.1,2.6,1.4,0.9,1.1,0.1,0.3,0.2,3.9
1986-02-15,26.5,20.9,10.0,4.0,4.8,2.0,1.1,2.7,71.9,64.8,65.2,4.2,2.9,2.2,0.7,0.8,0.2,0.2,0.3,5.7
1986-05-15,25.3,20.8,5.8,3.1,5.1,1.6,1.3,3.0,65.8,66.1,64.0,3.0,3.1,1.2,0.6,1.0,0.2,0.3,0.3,4.6
1986-08-15,21.8,15.8,5.4,5.4,5.7,0.9,0.9,2.7,58.6,61.1,64.2,2.1,2.5,1.3,1.4,1.4,0.2,0.2,0.3,4.0
1986-11-15,26.0,15.6,6.6,4.3,5.2,1.3,1.3,2.2,62.6,66.3,65.6,3.6,2.3,1.4,0.8,1.2,0.3,0.4,0.2,4.7
1987-02-15,29.8,22.2,7.2,5.2,7.3,1.8,0.8,2.3,76.5,69.5,67.7,3.7,3.4,1.5,1.0,1.6,0.5,0.2,0.2,5.6
1987-05-15,24.0,21.7,5.0,4.3,6.8,1.3,0.8,1.7,65.6,66.9,68.7,2.7,3.5,1.0,1.3,1.3,0.4,0.2,0.1,4.8
1987-08-15,27.8,20.3,6.5,3.9,6.1,1.3,1.0,1.7,68.8,70.1,68.2,4.5,3.9,1.4,0.7,1.4,0.3,0.3,0.1,6.3
1987-11-15,29.1,13.8,5.1,3.5,7.6,1.2,1.0,2.4,63.8,66.9,68.3,4.2,1.9,0.8,0.8,1.8,0.2,0.3,0.4,5.1
1988-02-15,31.2,20.2,8.1,4.4,7.6,1.3,0.9,2.2,75.9,70.2,70.4,3.7,3.8,1.5,1.0,2.1,0.4,0.2,0.2,5.9
1988-05-15,27.0,23.0,8.2,3.9,6.0,0.8,0.7,2.1,71.8,74.4,74.9,4.8,4.2,1.3,1.0,1.4,0.1,0.1,0.4,6.6
1988-08-15,37.3,22.2,9.1,3.5,5.4,0.7,1.0,2.3,81.5,80.8,79.8,4.3,4.0,1.5,0.6,1.1,0.1,0.2,0.4,6.1
1988-11-15,32.9,23.9,10.0,4.1,5.8,1.2,1.4,2.5,81.8,85.1,85.0,3.4,3.7,1.7,0.8,1.6,0.1,0.4,0.3,5.5
1989-02-15,32.7,26.0,12.6,3.1,9.5,1.6,1.0,2.9,89.5,84.7,87.7,3.8,3.2,2.9,0.5,2.3,0.3,0.2,0.5,6.2
1989-05-15,32.0,29.8,13.2,4.5,5.6,1.1,1.2,2.5,89.9,93.7,86.7,3.9,4.1,3.3,1.1,1.0,0.2,0.3,0.4,6.7
1989-08-15,27.6,23.7,12.2,5.0,5.7,1.0,1.0,2.5,78.6,76.6,82.8,3.0,3.5,2.0,1.2,1.1,0.2,0.2,0.4,5.3
1989-11-15,30.1,21.0,11.5,4.5,4.5,1.7,0.9,2.5,76.7,79.2,77.2,4.2,3.1,1.8,1.1,0.8,0.4,0.1,0.2,5.6
1990-02-15,30.0,18.9,9.6,5.1,5.6,1.5,1.0,2.9,74.7,71.9,71.6,4.5,5.6,2.3,1.8,1.0,0.2,0.2,0.3,7.7
1990-05-15,24.4,15.9,8.8,4.3,3.4,1.2,0.6,2.4,61.0,64.0,64.8,4.2,4.1,2.0,1.8,0.6,0.2,0.1,0.2,6.3
1990-08-15,26.4,12.5,9.6,2.5,3.8,1.2,0.8,2.4,59.1,56.7,54.1,4.6,2.1,2.0,0.5,0.7,0.2,0.2,0.2,5.4
1990-11-15,19.3,5.1,7.8,2.4,2.5,0.7,0.7,2.3,40.8,41.6,43.4,2.4,0.8,1.3,0.6,0.4,0.1,0.2,0.1,2.9
1991-02-15,14.2,4.7,7.5,2.3,2.6,0.9,0.5,1.8,34.6,33.8,35.0,1.8,1.1,1.2,0.5,0.5,0.2,0.1,0.2,2.6
1991-05-15,12.5,4.6,5.5,1.7,2.7,0.9,0.2,2.0,30.1,31.6,30.7,1.5,1.2,1.4,0.6,0.7,0.1,0.0,0.2,2.5
1991-08-15,13.4,5.0,5.8,2.4,1.9,0.7,0.5,1.5,31.2,29.8,30.3,2.1,1.5,1.3,0.8,0.3,0.1,0.2,0.3,3.0
1991-11-15,9.4,6.5,6.2,2.5,2.9,0.8,0.6,1.8,30.5,30.9,31.1,1.6,1.8,1.6,0.9,0.8,0.1,0.2,0.4,3.1
1992-02-15,13.3,8.2,6.7,1.8,1.6,0.8,0.4,1.3,34.1,33.3,31.8,2.2,2.1,1.7,0.5,0.4,0.2,0.2,0.2,3.4
1992-05-15,7.7,6.9,6.5,1.8,4.2,0.8,0.3,1.5,29.6,31.9,32.7,1.0,1.7,1.7,0.5,1.1,0.1,0.0,0.3,2.8
1992-08-15,11.6,8.0,6.0,2.3,4.0,0.9,0.7,1.4,35.0,33.0,33.6,2.0,2.0,1.4,0.8,1.4,0.3,0.3,0.3,3.5
1992-11-15,13.5,7.2,6.4,2.3,4.2,0.7,0.9,1.7,36.8,36.9,35.4,2.8,1.7,1.8,0.8,1.3,0.1,0.4,0.4,4.0
1993-02-15,12.8,9.1,6.3,1.8,5.6,0.5,0.4,1.1,37.6,37.0,38.4,2.7,2.3,1.5,0.8,1.9,0.1,0.2,0.1,4.3
1993-05-15,16.7,6.6,6.4,2.4,3.2,0.5,0.6,1.9,38.3,42.0,41.5,3.1,1.6,1.6,1.0,1.1,0.1,0.2,0.7,4.1
1993-08-15,19.0,11.4,9.2,1.9,5.1,0.7,0.7,1.6,49.6,46.2,45.0,3.7,2.6,2.1,0.8,1.6,0.1,0.3,0.5,5.3
1993-11-15,16.3,12.2,8.3,3.6,5.5,0.7,0.8,1.3,48.6,48.5,50.1,2.6,2.7,2.4,1.2,1.7,0.1,0.2,0.3,4.8
1994-02-15,23.4,14.0,8.4,3.4,6.2,1.1,0.4,1.7,58.5,57.6,58.5,4.5,3.1,1.7,1.1,2.3,0.2,0.1,0.4,6.2
1994-05-15,22.6,19.0,8.1,2.9,5.8,1.0,0.8,2.3,62.5,69.5,70.6,3.1,3.7,1.6,1.0,1.4,0.1,0.2,0.8,5.3
1994-08-15,36.8,15.5,17.3,6.0,7.7,1.8,1.3,2.9,89.3,82.2,79.7,6.7,3.9,3.8,1.6,1.8,0.4,0.8,0.5,9.0
1994-11-15,38.5,15.9,12.6,5.9,8.5,2.2,0.6,1.5,85.7,85.6,81.6,5.7,3.6,2.6,2.0,1.5,0.7,0.1,0.1,7.6
1995-02-15,31.3,16.7,12.8,3.1,6.2,1.4,0.6,1.5,73.6,72.7,78.7,6.4,3.8,3.3,0.8,0.9,0.3,0.2,0.2,8.2
1995-05-15,31.7,12.5,8.0,4.2,8.3,2.3,1.2,1.5,69.6,77.3,74.9,4.8,1.6,1.1,1.0,2.2,0.7,0.3,0.2,5.6
1995-08-15,42.8,13.1,12.6,3.2,6.5,1.1,1.0,0.9,81.1,74.6,74.3,5.8,1.8,2.7,0.9,0.9,0.3,0.2,0.1,6.7
1995-11-15,33.5,14.6,9.0,1.9,9.1,1.5,0.8,1.7,72.1,72.5,75.8,5.0,2.1,1.5,0.4,1.8,0.4,0.2,0.4,5.9
1996-02-15,35.4,20.4,9.7,3.5,9.2,1.4,1.0,1.9,82.5,81.0,76.8,4.8,3.9,1.7,0.8,1.9,0.4,0.2,0.7,6.7
1996-05-15,32.5,14.1,9.9,3.1,7.0,1.0,1.0,0.9,69.5,76.7,78.1,5.3,2.7,1.7,1.0,1.4,0.3,0.2,0.1,6.4
1996-08-15,33.7,16.9,12.4,6.6,10.0,1.9,1.0,1.2,83.7,77.5,79.1,5.6,4.5,3.1,4.7,3.5,0.5,0.2,0.4,9.8
1996-11-15,34.2,15.8,12.3,3.5,11.7,1.5,1.3,1.8,82.1,82.5,80.3,8.0,3.1,2.6,0.9,3.5,0.5,0.4,0.7,9.6
1997-02-15,30.4,15.9,16.7,4.9,10.3,2.1,0.8,1.2,82.2,81.3,81.8,5.4,4.5,3.9,1.6,2.7,0.7,0.2,0.3,8.6
1997-05-15,26.1,14.1,16.6,4.0,11.4,2.1,1.0,1.3,76.4,82.8,82.8,4.3,2.8,3.2,1.2,3.6,0.5,0.3,0.4,7.1
1997-08-15,25.5,21.5,23.1,6.3,9.4,2.9,1.2,1.2,91.1,84.9,85.5,4.0,6.0,5.9,2.1,2.0,1.6,0.3,0.3,9.8
1997-11-15,30.3,22.2,21.7,4.1,8.0,1.0,0.8,1.2,89.3,90.4,92.0,6.4,8.3,8.5,1.4,1.6,0.4,0.2,0.2,13.5
1998-02-15,31.2,30.0,19.5,4.3,10.1,0.8,2.0,1.2,99.2,98.3,97.0,5.5,9.2,5.1,1.5,2.5,0.4,0.5,0.2,12.1
1998-05-15,27.3,25.3,21.6,3.5,14.8,0.8,1.9,1.6,96.8,104.0,99.3,6.4,7.2,6.4,1.4,4.3,0.2,0.6,0.4,12.4
1998-08-15,35.3,21.8,22.0,3.8,8.4,1.5,1.6,2.1,96.5,89.8,97.3,6.6,6.0,6.0,0.9,1.9,0.5,0.6,0.3,10.9
1998-11-15,32.2,33.7,16.1,6.3,9.2,0.9,0.8,1.6,100.8,102.0,94.0,5.1,10.0,3.3,2.1,1.6,0.3,0.2,0.4,11.8
1999-02-15,32.6,15.3,20.3,5.4,8.2,1.5,1.6,2.5,87.5,87.2,94.4,6.9,2.5,4.0,1.5,1.6,0.4,0.5,0.3,8.6
1999-05-15,40.1,21.7,12.0,4.5,8.9,2.5,1.3,2.5,93.5,100.2,98.7,6.1,4.9,2.7,1.3,1.9,1.2,0.5,0.3,8.6
1999-08-15,51.8,28.8,13.0,5.1,10.0,2.0,1.3,3.4,115.3,106.9,105.1,6.3,5.7,2.0,1.5,2.3,0.3,0.3,0.4,9.2
1999-11-15,39.5,30.4,14.8,6.6,8.9,2.7,1.2,4.0,108.1,109.6,111.3,5.0,6.1,2.8,1.3,1.4,0.6,0.2,0.8,8.6
2000-02-15,49.6,26.5,16.4,5.9,12.4,2.1,1.6,4.1,118.5,118.1,113.4,5.9,3.4,3.0,1.3,3.1,0.5,0.4,0.8,8.2
2000-05-15,44.9,25.8,17.5,5.2,8.4,1.6,1.0,3.2,107.6,115.9,115.1,5.9,3.2,4.7,0.9,1.4,0.3,0.2,0.5,8.4
2000-08-15,47.3,38.0,13.5,5.6,11.3,3.1,1.8,3.1,123.7,114.4,114.6,6.7,6.5,2.0,1.1,2.1,0.7,0.5,0.4,9.8
2000-11-15,43.6,34.5,13.7,5.6,9.2,2.3,0.9,3.7,113.5,114.8,110.2,4.8,5.2,3.0,1.0,1.5,0.4,0.3,0.5,7.9
2001-02-15,34.4,28.8,12.4,6.6,10.5,2.6,1.3,3.3,100.0,99.7,102.6,4.0,4.5,2.7,0.9,1.6,0.5,0.4,0.5,6.9
2001-05-15,30.6,23.3,15.5,5.7,6.8,1.7,1.1,2.6,87.4,94.0,94.4,3.3,3.3,3.0,1.0,1.0,0.2,0.3,0.2,5.7
2001-08-15,29.8,28.1,16.4,6.6,10.3,1.4,1.1,3.3,96.9,90.2,89.6,3.6,4.2,2.7,1.2,2.3,0.2,0.2,0.4,6.7
2001-11-15,28.9,24.7,14.9,6.6,6.6,1.8,0.8,3.0,87.4,88.5,88.9,4.1,3.8,2.6,1.1,1.2,0.4,0.2,0.4,6.4
2002-02-15,23.9,28.1,16.8,7.0,8.5,1.5,1.2,4.2,91.3,90.5,91.7,3.0,4.4,3.0,1.2,1.6,0.2,0.3,0.6,6.4
2002-05-15,31.1,24.9,11.7,7.0,9.5,1.7,1.1,3.2,90.3,96.2,95.7,4.3,3.5,1.6,1.1,2.6,0.4,0.3,0.5,6.4
2002-08-15,34.7,29.8,22.1,7.8,8.2,2.2,1.5,3.2,109.6,103.0,99.8,4.5,4.1,3.3,1.4,1.8,0.6,0.2,0.4,7.3
2002-11-15,34.8,22.0,21.0,5.2,7.3,2.1,1.9,1.7,96.1,97.6,103.1,4.0,2.9,3.7,0.7,1.0,0.6,0.4,0.1,6.3
2003-02-15,39.0,27.2,19.9,7.1,12.0,2.1,1.8,2.3,111.3,109.7,104.8,4.4,3.3,2.8,1.0,1.9,0.9,0.3,0.4,6.7
2003-05-15,38.2,22.9,19.3,5.8,7.8,2.0,1.2,2.2,99.5,104.6,105.9,5.7,3.2,3.2,0.9,1.2,0.8,0.1,0.4,7.5
2003-08-15,36.1,29.3,24.1,6.4,7.4,1.9,1.3,2.4,108.8,104.1,104.6,5.5,3.6,3.0,1.2,1.1,0.8,0.0,0.3,7.5
2003-11-15,36.4,26.9,24.2,4.0,9.0,1.6,1.4,2.2,105.7,107.5,105.3,5.9,3.4,3.2,0.4,1.7,0.4,0.2,0.3,7.7
2004-02-15,37.3,29.0,18.4,5.5,10.2,1.4,1.8,2.2,105.7,103.8,110.8,4.9,3.7,2.2,0.8,1.9,0.3,0.3,0.3,6.9
2004-05-15,43.7,30.7,25.1,6.0,10.5,1.7,2.4,2.6,122.7,127.1,119.3,5.5,3.6,3.2,0.9,2.5,0.3,0.5,0.4,7.8
2004-08-15,40.5,33.5,27.7,7.0,12.4,1.4,2.0,3.1,127.6,124.6,129.7,4.4,3.7,3.3,1.9,2.4,0.2,0.3,0.5,7.3
2004-11-15,45.3,34.1,28.7,7.5,13.1,2.1,2.8,3.5,137.1,139.2,138.4,5.1,3.6,3.0,0.9,1.5,0.4,0.3,0.4,7.2
2005-02-15,48.2,33.0,35.4,8.8,15.3,2.6,2.3,4.0,149.5,146.2,142.7,4.6,4.0,3.7,1.5,1.9,0.3,0.2,0.5,7.6
2005-05-15,41.2,31.6,34.9,7.4,14.5,1.9,2.3,4.0,137.8,140.9,142.2,4.5,4.2,4.4,0.9,1.7,0.3,0.3,0.5,7.9
2005-08-15,39.1,32.8,33.4,8.8,16.9,2.2,2.7,4.4,140.3,139.0,137.9,3.9,3.6,4.2,1.2,2.2,0.3,0.4,0.7,7.2
2005-11-15,45.4,30.2,24.1,8.7,15.8,2.3,2.1,3.9,132.6,134.1,138.2,5.3,4.6,3.3,1.2,2.3,0.5,0.2,0.6,8.2
2006-02-15,46.6,31.6,32.3,8.4,20.6,2.1,1.9,3.8,147.3,144.3,143.6,4.7,4.2,3.8,1.5,2.6,0.4,0.2,0.5,7.9
2006-05-15,41.7,32.8,36.8,10.8,21.2,2.4,2.4,3.9,152.0,154.1,151.2,3.9,3.9,4.3,1.6,2.3,0.4,0.3,0.5,7.6
2006-08-15,42.5,31.6,39.8,9.0,22.6,2.3,2.6,4.7,155.0,154.9,156.9,3.9,3.4,5.1,1.1,2.6,0.4,0.3,0.7,7.8
2006-11-15,47.7,31.6,38.8,9.4,23.9,2.5,2.7,4.5,161.1,162.1,159.9,4.1,3.3,3.8,1.5,2.6,0.4,0.3,0.6,7.2
2007-02-15,48.2,32.1,38.7,9.9,25.0,2.5,2.5,4.8,163.7,160.8,162.9,4.6,3.6,4.5,2.3,2.8,0.4,0.3,0.6,8.2
2007-05-15,51.9,31.8,35.6,10.2,27.0,2.3,2.4,5.3,166.5,168.6,168.4,4.3,2.8,3.8,1.6,2.4,0.5,0.3,0.7,7.1
2007-08-15,51.7,31.6,38.5,10.0,29.7,2.8,2.8,6.1,173.1,173.3,174.4,4.1,2.8,4.2,1.6,3.1,0.6,0.3,0.7,7.5
2007-11-15,55.5,36.1,37.3,9.4,32.6,2.6,3.5,5.9,182.8,183.3,179.7,4.5,3.3,3.5,1.4,3.0,0.4,0.5,0.7,7.4
2008-02-15,54.7,36.2,38.6,9.8,27.1,2.6,4.2,4.9,178.0,178.2,182.9,5.0,2.9,4.0,1.9,2.4,0.7,0.6,0.8,7.8
2008-05-15,56.5,38.5,41.6,8.6,27.2,2.6,3.6,5.6,184.4,184.5,182.0,5.1,4.0,4.2,1.7,2.6,0.4,0.5,0.9,8.4
2008-08-15,,,,,,,,,,,,,,,,,,,,
2008-11-15,,,,,,,,,,,,,,,,,,,,
2009-02-15,,,,,,,,,,,,,,,,,,,,
2009-05-15,,,,,,,,,,,,,,,,,,,,
2009-08-15,,,,,,,,,,,,,,,,,,,,
2009-11-15,46.3,32.6,27.9,11.0,21.8,2.0,2.9,6.2,150.8,148.9,150.3,4.4,3.3,4.6,2.1,2.5,0.3,0.5,1.0,8.0
2010-02-15,50.3,33.3,31.6,13.3,27.6,2.8,4.4,5.8,169.0,168.4,162.2,5.6,3.5,3.6,1.9,3.1,0.5,0.8,1.2,8.8
2010-05-15,47.5,36.8,28.5,14.3,27.0,1.7,4.1,4.7,164.7,170.3,173.0,4.1,4.4,3.8,1.9,2.8,0.2,0.6,1.0,9.0
2010-08-15,52.9,40.2,33.4,13.3,28.4,2.6,4.3,6.2,181.4,178.6,181.1,5.4,4.5,4.4,2.2,4.1,0.4,0.6,1.3,9.5
2010-11-15,50.1,46.0,37.4,16.6,30.3,2.6,3.9,6.8,193.7,191.1,187.3,4.3,3.9,4.4,2.6,3.4,0.7,0.4,1.0,9.0
2011-02-15,49.2,47.7,38.3,10.7,31.5,2.3,3.8,6.2,189.9,189.4,190.0,3.9,4.5,5.1,1.3,2.8,0.4,0.4,0.9,8.2
2011-05-15,47.3,40.8,41.6,10.4,28.0,2.3,4.2,6.4,181.0,187.3,187.4,4.3,4.3,3.8,1.4,2.7,0.4,0.5,1.1,7.7
2011-08-15,47.1,41.9,44.6,8.9,32.8,2.3,3.1,6.0,186.7,183.4,183.5,3.6,4.2,5.3,1.0,3.2,0.4,0.4,1.0,8.6
2011-11-15,49.0,38.1,43.4,8.6,32.5,2.6,2.6,4.9,181.6,179.3,181.3,4.7,3.6,5.7,1.0,3.4,0.6,0.3,0.6,7.4
2012-02-15,52.6,40.1,36.1,10.8,31.6,1.9,3.2,5.8,182.2,181.8,180.4,5.6,5.0,3.8,1.5,3.5,0.4,0.4,1.2,9.6
2012-05-15,45.2,32.9,43.1,10.4,31.3,2.0,2.3,4.7,172.1,178.1,179.0,4.7,3.6,5.7,1.7,2.7,0.5,0.3,0.7,9.1
2012-08-15,48.2,36.6,34.8,11.1,37.6,2.5,3.2,4.7,178.7,175.3,173.6,4.0,5.2,5.3,1.7,3.6,0.6,0.6,0.9,8.6
2012-11-15,45.9,38.7,30.7,10.8,32.4,2.1,2.6,3.9,167.1,164.8,163.4,5.4,4.0,3.9,1.5,3.3,0.4,0.5,0.5,8.1
2013-02-15,44.7,31.9,26.0,8.5,31.1,2.2,2.7,2.8,149.8,149.8,152.3,4.6,3.9,3.8,1.0,3.8,0.3,0.3,0.4,8.7
2013-05-15,37.1,33.7,27.2,6.0,27.1,1.7,3.2,2.8,138.9,143.5,143.6,3.3,4.0,3.1,0.9,2.8,0.3,0.4,0.6,7.0
2013-08-15,45.7,31.1,26.2,7.5,24.3,1.8,3.6,2.7,142.9,140.6,139.8,4.7,3.7,3.9,1.0,4.1,0.2,0.7,0.4,8.6
2013-11-15,44.8,30.7,29.9,6.7,20.9,1.9,3.4,2.6,140.9,138.9,140.3,5.3,4.1,3.8,0.8,2.3,0.2,0.7,0.4,7.0
2014-02-15,49.6,25.4,29.1,7.5,23.1,1.9,4.2,3.0,143.6,143.2,142.8,5.7,2.8,3.4,0.8,3.3,0.3,0.7,0.8,8.2
2014-05-15,50.6,30.1,25.4,8.1,19.4,2.0,3.9,3.2,142.6,147.4,145.7,6.7,3.5,2.8,1.4,1.9,0.4,0.5,0.8,8.2
2014-08-15,47.5,32.8,26.9,8.8,23.1,2.2,3.8,3.4,148.4,146.6,147.7,5.5,2.9,3.5,1.5,2.2,0.4,1.0,0.9,7.3
2014-11-15,48.8,33.3,28.2,8.3,24.2,2.3,3.6,3.8,152.4,149.7,149.5,4.9,3.8,2.9,1.4,2.9,0.3,0.8,1.0,7.5
2015-02-15,55.0,35.1,26.4,8.3,19.6,2.5,2.8,2.9,152.6,151.9,152.6,4.8,3.5,3.5,1.1,2.0,0.3,0.5,0.5,6.8
2015-05-15,54.7,38.0,27.5,8.8,14.4,2.0,3.0,3.6,152.0,157.8,157.1,4.2,3.4,3.3,1.2,1.3,0.2,0.5,0.5,7.0
2015-08-15,58.1,38.9,26.8,9.2,20.5,2.4,2.5,5.1,163.5,161.5,162.4,4.7,3.4,2.4,1.3,2.4,0.4,0.4,0.6,6.3
2015-11-15,59.7,40.3,31.9,10.2,17.3,2.7,2.3,6.0,170.4,167.4,167.1,5.9,4.0,3.2,1.7,1.7,0.4,0.3,0.6,8.2
2016-02-15,65.3,47.3,26.0,9.8,15.5,2.5,2.6,4.8,173.8,172.2,170.4,5.5,4.4,3.1,1.3,1.4,0.4,0.3,0.4,7.9
2016-05-15,68.1,39.7,23.0,8.7,15.5,1.9,2.3,4.9,164.1,171.3,173.5,5.9,3.7,2.3,1.1,2.4,0.3,0.4,0.5,7.0
2016-08-15,69.4,45.3,28.9,9.6,17.5,1.9,2.4,4.7,179.7,177.1,177.2,5.5,4.0,2.7,1.3,2.6,0.3,0.5,0.4,8.7
2016-11-15,69.0,45.4,33.6,9.6,17.7,2.0,2.7,5.7,185.8,182.4,180.8,4.8,4.1,3.2,1.1,1.8,0.4,0.5,0.5,7.6
2017-02-15,68.1,50.4,29.7,9.5,17.8,2.6,2.9,5.9,186.9,185.1,184.6,5.1,4.6,2.8,1.3,1.9,0.3,0.5,0.6,7.6
2017-05-15,68.1,43.2,27.0,10.3,18.4,2.7,3.1,4.9,177.7,185.8,189.7,5.6,3.8,3.0,1.3,2.6,0.4,0.6,0.6,8.6
2017-08-15,75.0,54.4,34.9,9.1,18.3,2.5,3.6,5.7,203.6,200.1,196.9,5.7,4.3,3.4,1.1,2.1,0.4,0.4,0.4,8.9
2017-11-15,78.6,55.6,34.6,9.1,18.4,2.6,3.0,6.4,208.3,205.1,205.8,5.8,4.0,3.4,0.9,1.5,0.3,0.3,0.5,7.1
2018-02-15,76.5,58.4,36.3,10.4,21.2,2.9,3.6,5.7,215.0,213.1,214.3,4.8,3.4,3.4,1.3,2.3,0.4,0.4,0.5,7.3
2018-05-15,74.4,61.5,32.0,11.3,22.4,2.5,3.8,6.6,214.4,223.5,221.8,4.4,4.9,2.9,1.6,1.9,0.2,0.7,0.7,8.1
2018-08-15,79.6,66.2,34.6,11.7,25.9,3.0,3.6,6.7,231.3,227.1,228.4,4.5,4.2,3.5,1.6,2.4,0.5,0.6,0.6,7.8
2018-11-15,83.5,61.6,37.7,10.7,26.8,3.6,3.8,7.0,234.7,232.4,231.8,4.2,3.9,3.5,1.5,2.4,0.4,0.7,0.7,7.8
2019-02-15,84.0,64.1,36.6,9.4,27.5,3.0,3.6,6.6,234.7,232.5,230.6,5.1,5.1,3.0,1.0,2.8,0.3,0.7,0.6,8.2
2019-05-15,77.2,60.1,33.2,11.2,23.2,3.3,4.2,6.7,219.1,227.2,227.7,4.8,3.9,2.6,1.4,1.9,0.4,0.9,0.8,7.0
2019-08-15,72.8,61.2,39.1,11.3,26.4,3.6,4.3,7.6,226.3,221.8,225.4,3.9,4.0,3.2,1.3,2.1,0.5,0.6,0.7,7.1
2019-11-15,80.2,60.1,39.2,11.4,25.7,3.6,3.5,7.7,231.4,230.6,226.2,5.4,4.2,3.1,1.3,2.4,0.4,0.5,1.0,8.1
2020-02-15,79.3,59.7,38.4,11.7,27.6,3.4,2.9,6.6,229.5,227.4,230.0,4.6,3.6,3.2,1.4,2.7,0.4,0.3,0.9,7.6
2020-05-15,39.8,28.7,25.2,6.8,16.8,1.9,1.7,3.6,124.5,128.4,235.9,3.1,2.9,3.2,0.8,2.0,0.4,0.2,0.4,5.6
2020-08-15,62.2,45.8,42.1,12.5,32.2,3.4,4.2,5.6,208.0,203.3,246.4,4.0,3.7,3.8,1.3,3.4,0.4,0.7,0.5,8.1
2020-11-15,82.7,58.4,47.9,15.6,37.4,5.1,4.2,7.9,259.2,260.1,263.6,5.6,4.2,3.6,1.5,3.2,1.0,0.6,1.0,7.8
2021-02-15,94.0,65.6,53.5,19.3,40.0,5.7,4.8,8.2,291.0,287.9,285.4,5.9,4.5,4.2,1.9,3.3,0.8,0.7,0.8,8.9
2021-05-15,112.8,87.6,67.2,21.3,46.2,6.5,5.0,8.8,355.4,366.7,308.2,6.4,4.9,4.7,2.1,4.1,0.9,0.5,0.9,11.1
2021-08-15,95.2,81.3,70.6,18.0,52.1,5.8,6.1,8.0,337.0,329.2,327.6,4.9,5.5,6.1,2.1,3.9,0.8,0.9,0.8,10.2
2021-11-15,120.9,106.0,70.3,23.7,60.8,6.8,6.2,9.9,404.6,406.6,406.6,6.1,6.0,5.2,2.4,3.7,1.1,0.9,1.0,10.7
2022-02-15,130.0,101.8,76.9,24.5,66.5,7.3,8.5,11.5,426.8,422.9,425.3,5.7,5.1,5.1,2.6,4.1,1.1,1.6,1.0,11.2
2022-05-15,145.1,120.1,78.6,24.5,65.2,7.5,7.7,12.3,461.0,473.1,444.0,6.8,5.7,5.5,2.4,4.6,0.8,0.9,1.3,11.3
2022-08-15,150.8,126.6,85.8,25.2,60.7,6.3,7.6,12.0,475.0,466.5,456.0,7.6,6.0,5.9,1.9,3.8,0.8,0.9,0.9,12.7
2022-11-15,133.0,117.7,85.7,25.3,61.9,7.1,7.5,12.2,450.5,451.3,454.5,6.2,6.2,5.1,2.3,4.4,0.8,1.2,1.2,10.8
2023-02-15,145.0,110.8,85.0,22.9,52.8,7.7,6.9,11.5,442.5,439.3,440.3,7.1,6.3,4.8,2.4,3.6,0.7,0.8,1.4,11.8
2023-05-15,128.1,105.1,77.1,24.9,54.9,7.1,6.3,11.4,414.8,422.2,421.2,7.0,5.8,5.4,2.6,3.6,0.9,0.8,1.5,11.6
2023-08-15,122.4,99.6,80.0,24.7,52.5,6.8,6.0,10.4,402.3,399.6,402.1,6.5,6.3,4.2,2.6,3.7,0.8,0.7,1.1,9.8
2023-11-15,119.5,94.9,78.2,24.0,49.5,6.5,5.2,8.6,386.5,385.2,381.9,5.3,4.8,4.6,2.2,2.4,0.6,0.3,1.2,9.6
2024-02-15,107.6,91.5,69.5,25.9,47.8,6.8,4.8,8.7,362.7,360.2,361.2,4.6,5.3,3.4,1.9,2.7,0.6,0.3,1.1,10.0
2024-05-15,103.5,87.4,67.0,21.5,42.0,6.4,5.5,8.3,341.5,345.9,346.5,4.6,4.9,4.5,1.7,2.3,0.6,0.5,0.6,8.0
2024-08-15,101.4,82.8,67.5,19.5,41.5,6.1,5.1,7.9,332.0,332.3,338.4,4.5,4.8,3.2,1.4,3.0,0.6,0.6,0.8,8.0
2024-11-15,104.9,81.0,76.9,23.0,41.5,6.4,5.6,9.0,348.2,346.5,335.9,5.0,4.7,3.9,1.8,2.6,0.8,0.5,0.9,8.8
2025-02-15,100.8,76.1,69.8,21.0,43.2,5.3,5.4,7.4,328.9,325.8,334.0,5.4,4.3,3.3,1.5,2.9,0.5,0.4,0.6,8.2
2025-05-15,97.3,82.1,71.0,22.9,40.4,5.4,4.8,8.3,332.2,336.0,330.8,4.5,4.9,4.3,2.1,2.3,0.6,0.4,0.9,8.7
2025-08-15,98.1,74.8,71.4,22.0,40.6,5.5,5.8,7.8,325.9,327.5,329.7,6.6,5.1,4.5,2.5,2.8,0.9,0.7,1.0,10.5
2025-11-15,97.5,80.0,70.5,20.5,43.2,5.4,5.2,8.1,330.5,329.0,331.7,4.4,4.0,4.2,1.7,2.6,0.5,0.4,0.9,8.4
2026-02-15,101.2,83.1,72.6,20.1,45.1,5.7,6.4,8.1,342.4,337.9,333.7,5.0,4.4,3.8,1.7,2.8,0.5,0.6,0.9,8.4
