Unnamed: 0,Earnings; Males; Full Time; Adult; Ordinary time earnings ;,Earnings; Males; Full Time; Adult; Total earnings ;,Earnings; Males; Total earnings ;,Earnings; Females; Full Time; Adult; Ordinary time earnings ;,Earnings; Females; Full Time; Adult; Total earnings ;,Earnings; Females; Total earnings ;,Earnings; Persons; Full Time; Adult; Ordinary time earnings ;,Earnings; Persons; Full Time; Adult; Total earnings ;,Earnings; Persons; Total earnings ;,Standard Errors ;  Earnings; Males; Full Time; Adult; Ordinary time earnings ;,Standard Errors ;  Earnings; Males; Full Time; Adult; Total earnings ;,Standard Errors ;  Earnings; Males; Total earnings ;,Standard Errors ;  Earnings; Females; Full Time; Adult; Ordinary time earnings ;,Standard Errors ;  Earnings; Females; Full Time; Adult; Total earnings ;,Standard Errors ;  Earnings; Females; Total earnings ;,Standard Errors ;  Earnings; Persons; Full Time; Adult; Ordinary time earnings ;,Standard Errors ;  Earnings; Persons; Full Time; Adult; Total earnings ;,Standard Errors ;  Earnings; Persons; Total earnings ;
1994-11-15,669.2,727.7,644.8,561.1,575.4,425.6,630.1,672.6,542.4,,,,,,,,,
1995-05-15,689.2,744.6,654.3,576.1,590.5,430.8,648.2,688.8,548.9,,,,,,,,,
1995-11-15,705.2,763.7,664.8,581.6,597.0,430.9,661.2,704.4,555.4,,,,,,,,,
1996-05-15,717.5,776.2,673.4,594.8,608.8,442.1,673.8,716.5,565.5,,,,,,,,,
1996-11-15,727.8,789.0,681.0,612.3,628.1,447.7,686.1,730.9,570.6,,,,,,,,,
1997-05-15,740.7,796.1,687.8,620.2,634.7,457.7,696.3,736.7,578.1,,,,,,,,,
1997-11-15,757.1,815.3,709.5,632.6,647.7,466.1,710.6,752.7,592.6,,,,,,,,,
1998-05-15,772.2,829.5,715.0,645.6,659.3,467.7,725.7,766.9,596.0,,,,,,,,,
1998-11-15,786.5,847.6,723.2,660.0,675.1,475.4,739.5,783.5,603.4,,,,,,,,,
1999-05-15,795.9,851.6,732.9,667.9,681.6,482.0,748.5,788.6,610.4,,,,,,,,,
1999-11-15,807.5,865.6,741.4,681.7,696.9,481.7,760.8,802.9,613.0,,,,,,,,,
2000-05-15,829.1,882.0,757.6,694.9,711.1,503.0,779.1,818.4,633.8,,,,,,,,,
2000-11-15,845.2,894.4,768.0,715.7,730.3,510.2,798.1,834.7,643.1,,,,,,,,,
2001-05-15,867.4,918.2,787.4,732.9,746.1,522.0,818.8,856.1,660.3,,,,,,,,,
2001-11-15,891.0,941.6,808.9,754.8,767.5,528.4,842.6,879.6,673.6,,,,,,,,,
2002-05-15,910.4,965.4,823.6,770.3,781.8,536.0,860.1,899.5,683.8,,,,,,,,,
2002-11-15,933.9,993.0,845.3,789.7,802.8,545.7,882.1,924.7,699.4,,,,,,,,,
2003-05-15,968.0,1026.0,869.3,814.2,826.4,562.2,912.8,954.3,721.4,,,,,,,,,
2003-11-15,983.5,1053.1,891.8,829.6,843.8,572.9,929.1,979.2,740.3,,,,,,,,,
2004-05-15,993.2,1055.3,886.9,842.0,856.4,582.0,939.0,984.0,741.4,,,,,,,,,
2004-11-15,1019.5,1092.1,908.0,865.3,880.0,597.1,965.0,1017.2,761.7,,,,,,,,,
2005-05-15,1049.7,1125.0,938.4,892.3,905.5,612.2,993.8,1047.1,784.2,,,,,,,,,
2005-11-15,1068.0,1143.5,958.5,908.3,922.9,624.9,1011.8,1066.0,800.6,,,,,,,,,
2006-05-15,1083.8,1149.8,978.5,919.1,933.3,641.6,1025.8,1073.6,819.7,,,,,,,,,
2006-11-15,1109.2,1178.6,1007.7,928.2,942.6,654.7,1044.1,1093.8,837.4,,,,,,,,,
2007-05-15,1142.3,1207.7,1033.0,958.1,972.6,670.1,1076.8,1124.1,858.5,,,,,,,,,
2007-11-15,1162.7,1235.2,1051.7,982.8,999.0,683.4,1098.6,1151.0,873.2,,,,,,,,,
2008-05-15,1188.4,1261.2,1069.1,1000.1,1015.6,693.7,1119.6,1171.5,885.0,,,,,,,,,
2008-11-15,1232.3,1306.1,1101.1,1030.3,1047.1,715.3,1158.0,1210.8,909.5,,,,,,,,,
2009-05-15,1267.7,1334.3,1110.3,1053.7,1068.1,726.6,1187.8,1234.9,918.6,9.6,10.2,10.1,5.9,6.1,6.7,6.8,7.2,7.3
2009-11-15,1311.2,1380.9,1162.7,1081.3,1096.8,744.2,1226.8,1276.7,955.0,12.4,12.5,12.1,7.5,7.5,6.5,10.1,10.3,9.5
2010-05-15,1334.4,1404.6,1183.4,1104.5,1120.0,765.3,1250.1,1300.3,977.1,12.4,12.0,11.5,6.7,6.6,6.2,9.5,9.3,8.7
2010-11-15,1361.5,1436.0,1210.9,1130.9,1148.5,783.8,1275.2,1328.5,996.1,11.1,11.8,11.9,7.3,7.5,6.9,8.6,9.2,9.1
2011-05-15,1397.7,1472.8,1236.5,1150.2,1167.1,795.9,1304.7,1357.9,1015.2,13.4,14.2,12.8,6.6,6.6,6.9,9.7,10.2,8.7
2011-11-15,1420.2,1505.5,1255.0,1174.1,1191.3,808.1,1330.1,1390.5,1033.7,13.3,15.4,13.2,6.8,6.8,8.1,9.7,11.0,9.5
2012-05-15,1443.5,1534.8,1285.1,1189.6,1207.2,821.9,1349.2,1413.1,1053.2,14.3,14.9,12.0,9.1,9.1,7.9,10.6,10.9,8.2
2012-11-15,1491.8,1580.3,1324.3,1230.1,1246.3,840.0,1396.0,1458.0,1081.3,11.4,11.8,11.2,6.6,6.7,7.8,7.9,8.3,8.5
2013-05-15,1516.4,1603.1,1356.7,1250.5,1267.4,849.9,1420.9,1482.5,1105.0,13.9,14.6,13.0,7.7,7.8,7.6,10.2,10.8,8.4
2013-11-15,1532.1,1621.5,1347.9,1270.5,1287.3,872.6,1437.0,1500.1,1114.2,14.7,16.6,15.1,8.3,8.3,7.5,11.1,12.3,10.2
2014-05-15,1560.5,1648.2,1364.6,1274.4,1292.1,881.3,1454.1,1515.8,1123.0,13.7,13.6,12.6,7.2,7.1,7.8,9.4,9.4,9.4
2014-11-15,1587.5,1681.2,1371.5,1292.7,1311.0,887.9,1477.0,1542.4,1128.7,11.2,11.4,12.0,8.1,8.2,8.2,8.2,8.3,9.0
2015-05-15,1591.6,1674.8,1369.5,1307.4,1325.5,907.8,1483.1,1541.5,1136.9,13.1,13.6,12.3,8.2,8.2,7.2,10.1,10.3,8.4
2015-11-15,1603.6,1688.6,1374.8,1327.6,1345.8,914.8,1500.5,1560.5,1145.7,9.5,9.8,10.4,7.3,7.4,7.3,7.1,7.6,7.9
2016-05-15,1613.5,1694.5,1395.1,1352.1,1369.6,925.8,1516.0,1573.3,1160.9,10.7,10.8,10.6,7.8,7.9,7.2,7.9,7.9,7.8
2016-11-15,1631.9,1719.9,1397.9,1370.3,1389.6,932.4,1533.4,1595.5,1163.5,10.3,10.6,11.4,9.1,9.2,7.9,8.1,8.3,8.3
2017-05-15,1637.2,1725.8,1417.2,1386.6,1405.5,946.8,1543.2,1605.6,1179.0,11.0,12.0,12.3,8.9,9.0,8.6,8.7,9.4,9.3
2017-11-15,1665.0,1753.5,1427.8,1410.8,1429.8,959.5,1569.6,1632.1,1191.5,12.2,12.5,13.3,7.8,7.9,8.2,8.9,9.1,9.0
2018-05-15,1677.1,1769.8,1445.3,1433.4,1453.1,976.3,1585.3,1650.6,1207.4,13.1,12.9,12.8,7.9,8.1,9.8,9.4,9.4,9.4
2018-11-15,1696.5,1784.4,1460.5,1456.5,1477.7,996.3,1605.5,1668.1,1225.3,12.0,12.4,12.4,9.2,9.3,8.5,9.6,9.9,9.1
2019-05-15,1727.7,1811.9,1475.6,1485.5,1507.2,1010.8,1634.8,1695.1,1237.9,12.4,12.5,12.1,8.6,8.6,7.1,9.7,9.7,8.8
2019-11-15,1750.8,1842.2,1498.2,1508.3,1528.9,1027.8,1658.4,1722.8,1257.0,10.6,11.3,11.9,7.0,7.0,9.3,7.3,7.7,9.5
2020-05-15,1812.0,1889.7,1537.7,1558.4,1577.3,1083.0,1713.9,1768.9,1304.7,14.7,15.4,13.0,8.8,9.0,9.4,10.8,11.4,10.1
2020-11-15,1804.2,1886.0,1526.6,1562.0,1582.3,1050.6,1711.6,1769.9,1280.3,13.7,13.8,13.2,7.9,8.0,11.8,9.9,10.1,11.9
2021-05-15,1837.0,1919.5,1555.3,1575.5,1598.6,1068.9,1737.1,1797.0,1305.8,13.1,13.1,12.7,8.6,8.5,8.0,9.7,9.7,8.5
2021-11-15,1846.5,1935.7,1577.1,1591.2,1616.6,1093.8,1748.4,1813.0,1328.9,12.9,13.1,13.5,7.7,7.7,7.2,9.3,9.4,9.4
2022-05-15,1872.9,1962.1,1587.0,1609.0,1637.9,1114.9,1769.8,1835.3,1344.7,14.4,14.1,15.7,7.5,7.4,8.9,10.2,10.0,10.8
2022-11-15,1907.1,2004.9,1621.2,1653.6,1682.8,1146.1,1807.7,1878.5,1378.6,14.6,15.2,14.4,7.4,7.5,8.0,10.0,10.3,8.8
2023-05-15,1938.3,2033.7,1640.9,1686.0,1713.5,1168.8,1838.1,1906.6,1399.1,13.8,14.0,15.1,8.8,8.7,9.2,10.2,10.4,10.7
2023-11-15,1982.8,2079.5,1672.7,1744.8,1772.0,1204.4,1888.8,1958.0,1432.6,15.2,14.7,14.4,10.2,10.3,9.6,11.0,10.8,10.3
2024-05-15,2014.3,2112.9,1723.8,1782.8,1811.0,1246.4,1923.4,1994.3,1480.9,13.6,13.6,14.2,9.9,9.7,8.9,10.7,10.6,10.4
2024-11-15,2072.7,2172.3,1759.7,1826.4,1853.8,1270.7,1975.8,2047.0,1510.9,13.9,13.9,13.3,8.8,9.0,9.3,10.2,10.3,10.1
2025-05-15,2106.4,2208.3,1790.9,1864.1,1893.8,1304.3,2010.0,2083.2,1542.3,13.2,13.0,13.6,9.5,9.5,9.3,10.3,10.3,10.4
2025-11-15,2147.8,2257.3,1820.5,1900.6,1929.4,1314.3,2051.1,2129.0,1562.4,13.7,14.7,14.1,9.4,9.5,9.3,9.9,10.7,11.1
